STATION,NAME,DATE,PRCP,PRCP_ATTRIBUTES
USW00013958,"AUSTIN CAMP MABRY, TX US",1987-01,23.4,",,,0"
USW00013958,"AUSTIN CAMP MABRY, TX US",1987-02,73.1,",,,0"
USW00013958,"AUSTIN CAMP MABRY, TX US",1987-03,34.7,",,,0"
USW00013958,"AUSTIN CAMP MABRY, TX US",1987-04,11.5,",,,0"
USW00013958,"AUSTIN CAMP MABRY, TX US",1987-05,171.6,",,,0"
USW00013958,"AUSTIN CAMP MABRY, TX US",1987-06,275.6,",,,0"
USW00013958,"AUSTIN CAMP MABRY, TX US",1987-07,87.8,",,,0"
USW00013958,"AUSTIN CAMP MABRY, TX US",1987-08,6.9,",,,0"
USW00013958,"AUSTIN CAMP MABRY, TX US",1987-09,127.8,",,,0"
USW00013958,"AUSTIN CAMP MABRY, TX US",1987-10,7.9,",,,0"
USW00013958,"AUSTIN CAMP MABRY, TX US",1987-11,78.3,",,,0"
USW00013958,"AUSTIN CAMP MABRY, TX US",1987-12,33.3,",,,0"
USW00013958,"AUSTIN CAMP MABRY, TX US",1988-01,6.9,",,,0"
USW00013958,"AUSTIN CAMP MABRY, TX US",1988-02,8.3,",,,0"
USW00013958,"AUSTIN CAMP MABRY, TX US",1988-03,67.6,",,,0"
USW00013958,"AUSTIN CAMP MABRY, TX US",1988-04,51.3,",,,0"
USW00013958,"AUSTIN CAMP MABRY, TX US",1988-05,84.7,",,,0"
USW00013958,"AUSTIN CAMP MABRY, TX US",1988-06,66,",,,0"
USW00013958,"AUSTIN CAMP MABRY, TX US",1988-07,70.4,",,,0"
USW00013958,"AUSTIN CAMP MABRY, TX US",1988-08,42.4,",,,0"
USW00013958,"AUSTIN CAMP MABRY, TX US",1988-09,36.3,",,,0"
USW00013958,"AUSTIN CAMP MABRY, TX US",1988-10,16.7,",,,0"
USW00013958,"AUSTIN CAMP MABRY, TX US",1988-11,8.7,",,,0"
USW00013958,"AUSTIN CAMP MABRY, TX US",1988-12,29,",,,0"
USW00013958,"AUSTIN CAMP MABRY, TX US",1989-01,96.4,",,,0"
USW00013958,"AUSTIN CAMP MABRY, TX US",1989-02,21.8,",,,0"
USW00013958,"AUSTIN CAMP MABRY, TX US",1989-03,54,",,,0"
USW00013958,"AUSTIN CAMP MABRY, TX US",1989-04,61.9,",,,0"
USW00013958,"AUSTIN CAMP MABRY, TX US",1989-05,175.4,",,,0"
USW00013958,"AUSTIN CAMP MABRY, TX US",1989-06,78.8,",,,0"
USW00013958,"AUSTIN CAMP MABRY, TX US",1989-07,2.3,",,,0"
USW00013958,"AUSTIN CAMP MABRY, TX US",1989-08,69.1,",,,0"
USW00013958,"AUSTIN CAMP MABRY, TX US",1989-09,6.9,",,,0"
USW00013958,"AUSTIN CAMP MABRY, TX US",1989-10,55.9,",,,0"
USW00013958,"AUSTIN CAMP MABRY, TX US",1989-11,31.9,",,,0"
USW00013958,"AUSTIN CAMP MABRY, TX US",1989-12,3.7,",,,0"
USW00013958,"AUSTIN CAMP MABRY, TX US",1990-01,32.6,",,,0"
USW00013958,"AUSTIN CAMP MABRY, TX US",1990-02,90.3,",,,0"
USW00013958,"AUSTIN CAMP MABRY, TX US",1990-03,52.9,",,,0"
USW00013958,"AUSTIN CAMP MABRY, TX US",1990-04,79.2,",,,0"
USW00013958,"AUSTIN CAMP MABRY, TX US",1990-05,92.7,",,,0"
USW00013958,"AUSTIN CAMP MABRY, TX US",1990-06,39.4,",,,0"
USW00013958,"AUSTIN CAMP MABRY, TX US",1990-07,79.9,",,,0"
USW00013958,"AUSTIN CAMP MABRY, TX US",1990-08,8.5,",,,0"
USW00013958,"AUSTIN CAMP MABRY, TX US",1990-09,44.8,",,,0"
USW00013958,"AUSTIN CAMP MABRY, TX US",1990-10,86.1,",,,0"
USW00013958,"AUSTIN CAMP MABRY, TX US",1990-11,98.4,",,,0"
USW00013958,"AUSTIN CAMP MABRY, TX US",1990-12,18.5,",,,0"
USW00013958,"AUSTIN CAMP MABRY, TX US",1991-01,233.8,",,,0"
USW00013958,"AUSTIN CAMP MABRY, TX US",1991-02,75.9,",,,0"
USW00013958,"AUSTIN CAMP MABRY, TX US",1991-03,23,",,,0"
USW00013958,"AUSTIN CAMP MABRY, TX US",1991-04,124.9,",,,0"
USW00013958,"AUSTIN CAMP MABRY, TX US",1991-05,101.3,",,,0"
USW00013958,"AUSTIN CAMP MABRY, TX US",1991-06,111.9,",,,0"
USW00013958,"AUSTIN CAMP MABRY, TX US",1991-07,29.4,",,,0"
USW00013958,"AUSTIN CAMP MABRY, TX US",1991-08,108.7,",,,0"
USW00013958,"AUSTIN CAMP MABRY, TX US",1991-09,57,",,,0"
USW00013958,"AUSTIN CAMP MABRY, TX US",1991-10,77.8,",,,0"
USW00013958,"AUSTIN CAMP MABRY, TX US",1991-11,23.1,",,,0"
USW00013958,"AUSTIN CAMP MABRY, TX US",1991-12,359.6,",,,0"
USW00013958,"AUSTIN CAMP MABRY, TX US",1992-01,122.9,",,,0"
USW00013958,"AUSTIN CAMP MABRY, TX US",1992-02,166.7,",,,0"
USW00013958,"AUSTIN CAMP MABRY, TX US",1992-03,138.1,",,,0"
USW00013958,"AUSTIN CAMP MABRY, TX US",1992-04,48.2,",,,0"
USW00013958,"AUSTIN CAMP MABRY, TX US",1992-05,230.1,",,,0"
USW00013958,"AUSTIN CAMP MABRY, TX US",1992-06,126.2,",,,0"
USW00013958,"AUSTIN CAMP MABRY, TX US",1992-07,24.4,",,,0"
USW00013958,"AUSTIN CAMP MABRY, TX US",1992-08,49.6,",,,0"
USW00013958,"AUSTIN CAMP MABRY, TX US",1992-09,50.3,",,,0"
USW00013958,"AUSTIN CAMP MABRY, TX US",1992-10,35.1,",,,0"
USW00013958,"AUSTIN CAMP MABRY, TX US",1992-11,95.6,",,,0"
USW00013958,"AUSTIN CAMP MABRY, TX US",1992-12,83.7,",,,0"
USW00013958,"AUSTIN CAMP MABRY, TX US",1993-01,86.4,",,,0"
USW00013958,"AUSTIN CAMP MABRY, TX US",1993-02,79.9,",,,0"
USW00013958,"AUSTIN CAMP MABRY, TX US",1993-03,53.1,",,,0"
USW00013958,"AUSTIN CAMP MABRY, TX US",1993-04,74.8,",,,0"
USW00013958,"AUSTIN CAMP MABRY, TX US",1993-05,134.8,",,,0"
USW00013958,"AUSTIN CAMP MABRY, TX US",1993-06,101.4,",,,0"
USW00013958,"AUSTIN CAMP MABRY, TX US",1993-07,0,",T,,0"
USW00013958,"AUSTIN CAMP MABRY, TX US",1993-08,19.1,",,,0"
USW00013958,"AUSTIN CAMP MABRY, TX US",1993-09,8.7,",,,0"
USW00013958,"AUSTIN CAMP MABRY, TX US",1993-10,61.4,",,,0"
USW00013958,"AUSTIN CAMP MABRY, TX US",1993-11,25.4,",,,0"
USW00013958,"AUSTIN CAMP MABRY, TX US",1993-12,29.1,",,,0"
USW00013958,"AUSTIN CAMP MABRY, TX US",1994-01,36.4,",,,0"
USW00013958,"AUSTIN CAMP MABRY, TX US",1994-02,54.1,",,,0"
USW00013958,"AUSTIN CAMP MABRY, TX US",1994-03,43.3,",,,0"
USW00013958,"AUSTIN CAMP MABRY, TX US",1994-04,42.8,",,,0"
USW00013958,"AUSTIN CAMP MABRY, TX US",1994-05,93.6,",,,0"
USW00013958,"AUSTIN CAMP MABRY, TX US",1994-06,18.8,",,,0"
USW00013958,"AUSTIN CAMP MABRY, TX US",1994-07,6.6,",,,0"
USW00013958,"AUSTIN CAMP MABRY, TX US",1994-08,215.9,",,,0"
USW00013958,"AUSTIN CAMP MABRY, TX US",1994-09,144.6,",,,0"
USW00013958,"AUSTIN CAMP MABRY, TX US",1994-10,199.5,",,,0"
USW00013958,"AUSTIN CAMP MABRY, TX US",1994-11,46.5,",,,0"
USW00013958,"AUSTIN CAMP MABRY, TX US",1994-12,144,",,,0"
USW00013958,"AUSTIN CAMP MABRY, TX US",1995-01,20.5,",,,0"
USW00013958,"AUSTIN CAMP MABRY, TX US",1995-02,36.6,",,,0"
USW00013958,"AUSTIN CAMP MABRY, TX US",1995-03,56.3,",,,0"
USW00013958,"AUSTIN CAMP MABRY, TX US",1995-04,78.2,",,,0"
USW00013958,"AUSTIN CAMP MABRY, TX US",1995-05,241.2,",,,0"
USW00013958,"AUSTIN CAMP MABRY, TX US",1995-06,69.6,",,,0"
USW00013958,"AUSTIN CAMP MABRY, TX US",1995-07,16.3,",,,0"
USW00013958,"AUSTIN CAMP MABRY, TX US",1995-08,145.1,",,,0"
USW00013958,"AUSTIN CAMP MABRY, TX US",1995-09,68.5,",,,0"
USW00013958,"AUSTIN CAMP MABRY, TX US",1995-10,36.4,",,,0"
USW00013958,"AUSTIN CAMP MABRY, TX US",1995-11,81.9,",,,0"
USW00013958,"AUSTIN CAMP MABRY, TX US",1995-12,12.9,",,,0"
USW00013958,"AUSTIN CAMP MABRY, TX US",1996-01,1.6,",,,0"
USW00013958,"AUSTIN CAMP MABRY, TX US",1996-02,15.8,",,,0"
USW00013958,"AUSTIN CAMP MABRY, TX US",1996-03,15.3,",,,0"
USW00013958,"AUSTIN CAMP MABRY, TX US",1996-04,48.3,",,,0"
USW00013958,"AUSTIN CAMP MABRY, TX US",1996-05,46.3,",,,0"
USW00013958,"AUSTIN CAMP MABRY, TX US",1996-06,113.9,",,,0"
USW00013958,"AUSTIN CAMP MABRY, TX US",1996-07,3.8,",,,X"
USW00013958,"AUSTIN CAMP MABRY, TX US",1996-08,224,",,,0"
USW00013958,"AUSTIN CAMP MABRY, TX US",1996-09,102.3,",,,0"
USW00013958,"AUSTIN CAMP MABRY, TX US",1996-10,19.9,",,,0"
USW00013958,"AUSTIN CAMP MABRY, TX US",1996-11,104.8,",,,0"
USW00013958,"AUSTIN CAMP MABRY, TX US",1996-12,55.6,",,,0"
USW00013958,"AUSTIN CAMP MABRY, TX US",1997-01,27.3,",,,0"
USW00013958,"AUSTIN CAMP MABRY, TX US",1997-02,100,",,,0"
USW00013958,"AUSTIN CAMP MABRY, TX US",1997-03,40.2,",,,0"
USW00013958,"AUSTIN CAMP MABRY, TX US",1997-04,142.2,",,,0"
USW00013958,"AUSTIN CAMP MABRY, TX US",1997-05,180.3,",,,0"
USW00013958,"AUSTIN CAMP MABRY, TX US",1997-06,227.8,",,,0"
USW00013958,"AUSTIN CAMP MABRY, TX US",1997-07,54.1,",,,0"
USW00013958,"AUSTIN CAMP MABRY, TX US",1997-08,59.4,",,,0"
USW00013958,"AUSTIN CAMP MABRY, TX US",1997-09,37.1,",,,0"
USW00013958,"AUSTIN CAMP MABRY, TX US",1997-10,137.8,",,,0"
USW00013958,"AUSTIN CAMP MABRY, TX US",1997-11,73.9,",,,0"
USW00013958,"AUSTIN CAMP MABRY, TX US",1997-12,108.8,",,,0"
USW00013958,"AUSTIN CAMP MABRY, TX US",1998-01,68.2,",,,0"
USW00013958,"AUSTIN CAMP MABRY, TX US",1998-02,83,",,,0"
USW00013958,"AUSTIN CAMP MABRY, TX US",1998-03,77.9,",,,0"
USW00013958,"AUSTIN CAMP MABRY, TX US",1998-04,19.9,",,,0"
USW00013958,"AUSTIN CAMP MABRY, TX US",1998-05,18.5,",,,0"
USW00013958,"AUSTIN CAMP MABRY, TX US",1998-06,39.6,",,,0"
USW00013958,"AUSTIN CAMP MABRY, TX US",1998-07,22.8,",,,0"
USW00013958,"AUSTIN CAMP MABRY, TX US",1998-08,35.5,",,,0"
USW00013958,"AUSTIN CAMP MABRY, TX US",1998-09,171.5,",,,0"
USW00013958,"AUSTIN CAMP MABRY, TX US",1998-10,314.8,",,,0"
USW00013958,"AUSTIN CAMP MABRY, TX US",1998-11,102.7,",,,0"
USW00013958,"AUSTIN CAMP MABRY, TX US",1998-12,39.7,",,,0"
USW00013958,"AUSTIN CAMP MABRY, TX US",1999-01,5.2,",,,0"
USW00013958,"AUSTIN CAMP MABRY, TX US",1999-02,0.8,",,,0"
USW00013958,"AUSTIN CAMP MABRY, TX US",1999-03,104,",,,0"
USW00013958,"AUSTIN CAMP MABRY, TX US",1999-04,20.1,",,,0"
USW00013958,"AUSTIN CAMP MABRY, TX US",1999-05,179.7,",,,X"
USW00013958,"AUSTIN CAMP MABRY, TX US",1999-06,85.8,",,,0"
USW00013958,"AUSTIN CAMP MABRY, TX US",1999-07,112.8,",,,0"
USW00013958,"AUSTIN CAMP MABRY, TX US",1999-08,17.8,",,,0"
USW00013958,"AUSTIN CAMP MABRY, TX US",1999-09,7.2,",,,0"
USW00013958,"AUSTIN CAMP MABRY, TX US",1999-10,42.4,",,,0"
USW00013958,"AUSTIN CAMP MABRY, TX US",1999-11,3.8,",,,0"
USW00013958,"AUSTIN CAMP MABRY, TX US",1999-12,29.4,",,,0"
USW00013958,"AUSTIN CAMP MABRY, TX US",2000-01,72.4,",,,0"
USW00013958,"AUSTIN CAMP MABRY, TX US",2000-02,44.6,",,,0"
USW00013958,"AUSTIN CAMP MABRY, TX US",2000-03,29.1,",,,0"
USW00013958,"AUSTIN CAMP MABRY, TX US",2000-04,61,",,,0"
USW00013958,"AUSTIN CAMP MABRY, TX US",2000-05,82.6,",,,0"
USW00013958,"AUSTIN CAMP MABRY, TX US",2000-06,133.9,",,,0"
USW00013958,"AUSTIN CAMP MABRY, TX US",2000-07,47.5,",,,0"
USW00013958,"AUSTIN CAMP MABRY, TX US",2000-08,3.3,",,,0"
USW00013958,"AUSTIN CAMP MABRY, TX US",2000-09,44.7,",,,0"
USW00013958,"AUSTIN CAMP MABRY, TX US",2000-10,153.3,",,,0"
USW00013958,"AUSTIN CAMP MABRY, TX US",2000-11,201.9,",,,0"
USW00013958,"AUSTIN CAMP MABRY, TX US",2000-12,73.1,",,,0"
USW00013958,"AUSTIN CAMP MABRY, TX US",2001-01,69.2,",,,0"
USW00013958,"AUSTIN CAMP MABRY, TX US",2001-02,35.8,",,,0"
USW00013958,"AUSTIN CAMP MABRY, TX US",2001-03,139.9,",,,0"
USW00013958,"AUSTIN CAMP MABRY, TX US",2001-04,12.8,",,,0"
USW00013958,"AUSTIN CAMP MABRY, TX US",2001-05,83.1,",,,0"
USW00013958,"AUSTIN CAMP MABRY, TX US",2001-06,21.6,",,,0"
USW00013958,"AUSTIN CAMP MABRY, TX US",2001-07,8.6,",,,0"
USW00013958,"AUSTIN CAMP MABRY, TX US",2001-08,240.9,",,,0"
USW00013958,"AUSTIN CAMP MABRY, TX US",2001-09,43.4,",,,0"
USW00013958,"AUSTIN CAMP MABRY, TX US",2001-10,62.5,",,,0"
USW00013958,"AUSTIN CAMP MABRY, TX US",2001-11,254.1,",,,0"
USW00013958,"AUSTIN CAMP MABRY, TX US",2001-12,117.5,",,,0"
USW00013958,"AUSTIN CAMP MABRY, TX US",2002-01,43,",,,0"
USW00013958,"AUSTIN CAMP MABRY, TX US",2002-02,16.8,",,,0"
USW00013958,"AUSTIN CAMP MABRY, TX US",2002-03,31.8,",,,0"
USW00013958,"AUSTIN CAMP MABRY, TX US",2002-04,19.4,",,,0"
USW00013958,"AUSTIN CAMP MABRY, TX US",2002-05,31.8,",,,0"
USW00013958,"AUSTIN CAMP MABRY, TX US",2002-06,143.3,",,,0"
USW00013958,"AUSTIN CAMP MABRY, TX US",2002-07,125.4,",,,0"
USW00013958,"AUSTIN CAMP MABRY, TX US",2002-08,59.7,",,,0"
USW00013958,"AUSTIN CAMP MABRY, TX US",2002-09,82.2,",,,0"
USW00013958,"AUSTIN CAMP MABRY, TX US",2002-10,169.7,",,,0"
USW00013958,"AUSTIN CAMP MABRY, TX US",2002-11,77.2,",,,0"
USW00013958,"AUSTIN CAMP MABRY, TX US",2002-12,115,",,,0"
USW00013958,"AUSTIN CAMP MABRY, TX US",2003-01,43.2,",,,0"
USW00013958,"AUSTIN CAMP MABRY, TX US",2003-02,98.1,",,,0"
USW00013958,"AUSTIN CAMP MABRY, TX US",2003-03,13.9,",,,0"
USW00013958,"AUSTIN CAMP MABRY, TX US",2003-04,2.7,",,,0"
USW00013958,"AUSTIN CAMP MABRY, TX US",2003-05,34.9,",,,0"
USW00013958,"AUSTIN CAMP MABRY, TX US",2003-06,115.6,",,,0"
USW00013958,"AUSTIN CAMP MABRY, TX US",2003-07,35.9,",,,0"
USW00013958,"AUSTIN CAMP MABRY, TX US",2003-08,74.7,",,,0"
USW00013958,"AUSTIN CAMP MABRY, TX US",2003-09,52.8,",,,0"
USW00013958,"AUSTIN CAMP MABRY, TX US",2003-10,26.2,",,,0"
USW00013958,"AUSTIN CAMP MABRY, TX US",2003-11,33.5,",,,0"
USW00013958,"AUSTIN CAMP MABRY, TX US",2003-12,12.7,",,,0"
USW00013958,"AUSTIN CAMP MABRY, TX US",2004-01,105.4,",,,0"
USW00013958,"AUSTIN CAMP MABRY, TX US",2004-02,94.8,",,,0"
USW00013958,"AUSTIN CAMP MABRY, TX US",2004-03,58.7,",,,0"
USW00013958,"AUSTIN CAMP MABRY, TX US",2004-04,100.9,",,,0"
USW00013958,"AUSTIN CAMP MABRY, TX US",2004-05,84.9,",,,0"
USW00013958,"AUSTIN CAMP MABRY, TX US",2004-06,289.8,",,,0"
USW00013958,"AUSTIN CAMP MABRY, TX US",2004-07,21.1,",,,0"
USW00013958,"AUSTIN CAMP MABRY, TX US",2004-08,48.4,",,,0"
USW00013958,"AUSTIN CAMP MABRY, TX US",2004-09,39.9,",,,0"
USW00013958,"AUSTIN CAMP MABRY, TX US",2004-10,117.4,",,,0"
USW00013958,"AUSTIN CAMP MABRY, TX US",2004-11,358.1,",,,0"
USW00013958,"AUSTIN CAMP MABRY, TX US",2004-12,8.4,",,,0"
USW00013958,"AUSTIN CAMP MABRY, TX US",2005-01,57,",,,0"
USW00013958,"AUSTIN CAMP MABRY, TX US",2005-02,56.3,",,,0"
USW00013958,"AUSTIN CAMP MABRY, TX US",2005-03,109.4,",,,0"
USW00013958,"AUSTIN CAMP MABRY, TX US",2005-04,18.4,",,,0"
USW00013958,"AUSTIN CAMP MABRY, TX US",2005-05,79.7,",,,0"
USW00013958,"AUSTIN CAMP MABRY, TX US",2005-06,22.6,",,,0"
USW00013958,"AUSTIN CAMP MABRY, TX US",2005-07,69.9,",,,0"
USW00013958,"AUSTIN CAMP MABRY, TX US",2005-08,62.1,",,,0"
USW00013958,"AUSTIN CAMP MABRY, TX US",2005-09,36.6,",,,0"
USW00013958,"AUSTIN CAMP MABRY, TX US",2005-10,45.3,",,,0"
USW00013958,"AUSTIN CAMP MABRY, TX US",2005-11,8.4,",,,0"
USW00013958,"AUSTIN CAMP MABRY, TX US",2005-12,2.3,",,,0"
USW00013958,"AUSTIN CAMP MABRY, TX US",2006-01,45.7,",,,0"
USW00013958,"AUSTIN CAMP MABRY, TX US",2006-02,22.8,",,,0"
USW00013958,"AUSTIN CAMP MABRY, TX US",2006-03,191.6,",,,0"
USW00013958,"AUSTIN CAMP MABRY, TX US",2006-04,73.4,",,,0"
USW00013958,"AUSTIN CAMP MABRY, TX US",2006-05,134.3,",,,0"
USW00013958,"AUSTIN CAMP MABRY, TX US",2006-06,80.7,",,,0"
USW00013958,"AUSTIN CAMP MABRY, TX US",2006-07,12.2,",,,0"
USW00013958,"AUSTIN CAMP MABRY, TX US",2006-08,5.6,",,,0"
USW00013958,"AUSTIN CAMP MABRY, TX US",2006-09,76.2,",,,0"
USW00013958,"AUSTIN CAMP MABRY, TX US",2006-10,99.9,",,,0"
USW00013958,"AUSTIN CAMP MABRY, TX US",2006-11,32.8,",,,0"
USW00013958,"AUSTIN CAMP MABRY, TX US",2006-12,106.6,",,,0"
USW00013958,"AUSTIN CAMP MABRY, TX US",2007-01,175.7,",,,0"
USW00013958,"AUSTIN CAMP MABRY, TX US",2007-02,3.5,",,,0"
USW00013958,"AUSTIN CAMP MABRY, TX US",2007-03,151,",,,0"
USW00013958,"AUSTIN CAMP MABRY, TX US",2007-04,57,",,,0"
USW00013958,"AUSTIN CAMP MABRY, TX US",2007-05,178.1,",,,0"
USW00013958,"AUSTIN CAMP MABRY, TX US",2007-06,137.4,",,,0"
USW00013958,"AUSTIN CAMP MABRY, TX US",2007-07,249.8,",,,0"
USW00013958,"AUSTIN CAMP MABRY, TX US",2007-08,63.5,",,,0"
USW00013958,"AUSTIN CAMP MABRY, TX US",2007-09,100.9,",,,0"
USW00013958,"AUSTIN CAMP MABRY, TX US",2007-10,28.8,",,,0"
USW00013958,"AUSTIN CAMP MABRY, TX US",2007-11,29.5,",,,0"
USW00013958,"AUSTIN CAMP MABRY, TX US",2007-12,17.1,",,,0"
USW00013958,"AUSTIN CAMP MABRY, TX US",2008-01,21,",,,0"
USW00013958,"AUSTIN CAMP MABRY, TX US",2008-02,13,",,,0"
USW00013958,"AUSTIN CAMP MABRY, TX US",2008-03,72.8,",,,0"
USW00013958,"AUSTIN CAMP MABRY, TX US",2008-04,89.4,",,,0"
USW00013958,"AUSTIN CAMP MABRY, TX US",2008-05,43.1,",,,0"
USW00013958,"AUSTIN CAMP MABRY, TX US",2008-06,18.7,",,,0"
USW00013958,"AUSTIN CAMP MABRY, TX US",2008-07,9.6,",,,0"
USW00013958,"AUSTIN CAMP MABRY, TX US",2008-08,60.8,",,,0"
USW00013958,"AUSTIN CAMP MABRY, TX US",2008-09,0.6,",,,0"
USW00013958,"AUSTIN CAMP MABRY, TX US",2008-10,51.1,",,,0"
USW00013958,"AUSTIN CAMP MABRY, TX US",2008-11,18.4,",,,0"
USW00013958,"AUSTIN CAMP MABRY, TX US",2008-12,10.3,",,,0"
USW00013958,"AUSTIN CAMP MABRY, TX US",2009-01,18.9,",,,0"
USW00013958,"AUSTIN CAMP MABRY, TX US",2009-02,37.4,",,,0"
USW00013958,"AUSTIN CAMP MABRY, TX US",2009-03,77.2,",,,0"
USW00013958,"AUSTIN CAMP MABRY, TX US",2009-04,72.1,",,,0"
USW00013958,"AUSTIN CAMP MABRY, TX US",2009-05,45,",,,0"
USW00013958,"AUSTIN CAMP MABRY, TX US",2009-06,34.3,",,,0"
USW00013958,"AUSTIN CAMP MABRY, TX US",2009-07,6.4,",,,0"
USW00013958,"AUSTIN CAMP MABRY, TX US",2009-08,19.6,",,,0"
USW00013958,"AUSTIN CAMP MABRY, TX US",2009-09,174.4,",,,0"
USW00013958,"AUSTIN CAMP MABRY, TX US",2009-10,174.6,",,,0"
USW00013958,"AUSTIN CAMP MABRY, TX US",2009-11,71.2,",,,0"
USW00013958,"AUSTIN CAMP MABRY, TX US",2009-12,66.4,",,,0"
USW00013958,"AUSTIN CAMP MABRY, TX US",2010-01,83.6,",,,0"
USW00013958,"AUSTIN CAMP MABRY, TX US",2010-02,78.1,",,,0"
USW00013958,"AUSTIN CAMP MABRY, TX US",2010-03,84.3,",,,0"
USW00013958,"AUSTIN CAMP MABRY, TX US",2010-04,54.1,",,,0"
USW00013958,"AUSTIN CAMP MABRY, TX US",2010-05,47.8,",,,0"
USW00013958,"AUSTIN CAMP MABRY, TX US",2010-06,150.6,",,,0"
USW00013958,"AUSTIN CAMP MABRY, TX US",2010-07,85.8,",,,0"
USW00013958,"AUSTIN CAMP MABRY, TX US",2010-08,0,",T,,0"
USW00013958,"AUSTIN CAMP MABRY, TX US",2010-09,335.4,",,,0"
USW00013958,"AUSTIN CAMP MABRY, TX US",2010-10,2.1,",,,0"
USW00013958,"AUSTIN CAMP MABRY, TX US",2010-11,17.3,",,,0"
USW00013958,"AUSTIN CAMP MABRY, TX US",2010-12,20,",,,0"
USW00013958,"AUSTIN CAMP MABRY, TX US",2011-01,74.1,",,,X"
USW00013958,"AUSTIN CAMP MABRY, TX US",2011-02,12.2,",,,X"
USW00013958,"AUSTIN CAMP MABRY, TX US",2011-03,2.4,",,,X"
USW00013958,"AUSTIN CAMP MABRY, TX US",2011-04,6.9,",,,X"
USW00013958,"AUSTIN CAMP MABRY, TX US",2011-05,92.7,",,,X"
USW00013958,"AUSTIN CAMP MABRY, TX US",2011-06,51,",,,X"
USW00013958,"AUSTIN CAMP MABRY, TX US",2011-07,1.3,",,,X"
USW00013958,"AUSTIN CAMP MABRY, TX US",2011-08,0,",T,,X"
USW00013958,"AUSTIN CAMP MABRY, TX US",2011-09,4.6,",,,X"
USW00013958,"AUSTIN CAMP MABRY, TX US",2011-10,55.6,",,,X"
USW00013958,"AUSTIN CAMP MABRY, TX US",2011-11,74.1,",,,X"
USW00013958,"AUSTIN CAMP MABRY, TX US",2011-12,125.2,",,,X"
USW00013958,"AUSTIN CAMP MABRY, TX US",2012-01,119.5,",,,X"
USW00013958,"AUSTIN CAMP MABRY, TX US",2012-02,77.4,",,,X"
USW00013958,"AUSTIN CAMP MABRY, TX US",2012-03,139,",,,X"
USW00013958,"AUSTIN CAMP MABRY, TX US",2012-04,5.5,",,,X"
USW00013958,"AUSTIN CAMP MABRY, TX US",2012-05,138.6,",,,X"
USW00013958,"AUSTIN CAMP MABRY, TX US",2012-06,1.7,",,,X"
USW00013958,"AUSTIN CAMP MABRY, TX US",2012-07,148,",,,X"
USW00013958,"AUSTIN CAMP MABRY, TX US",2012-08,31.8,",,,X"
USW00013958,"AUSTIN CAMP MABRY, TX US",2012-09,144.9,",,,X"
USW00013958,"AUSTIN CAMP MABRY, TX US",2012-10,24.3,",,,X"
USW00013958,"AUSTIN CAMP MABRY, TX US",2012-11,0,",,,X"
USW00013958,"AUSTIN CAMP MABRY, TX US",2012-12,8,",,,X"
USW00013958,"AUSTIN CAMP MABRY, TX US",2013-01,73.2,",,,X"
USW00013958,"AUSTIN CAMP MABRY, TX US",2013-02,9.7,",,,X"
USW00013958,"AUSTIN CAMP MABRY, TX US",2013-03,29.8,",,,X"
USW00013958,"AUSTIN CAMP MABRY, TX US",2013-04,81.7,",,,W"
USW00013958,"AUSTIN CAMP MABRY, TX US",2013-05,153.2,",,,W"
USW00013958,"AUSTIN CAMP MABRY, TX US",2013-06,23.4,",,,W"
USW00013958,"AUSTIN CAMP MABRY, TX US",2013-07,74,",,,W"
USW00013958,"AUSTIN CAMP MABRY, TX US",2013-08,6.9,",,,W"
USW00013958,"AUSTIN CAMP MABRY, TX US",2013-09,147.9,",,,W"
USW00013958,"AUSTIN CAMP MABRY, TX US",2013-10,337.4,",,,W"
USW00013958,"AUSTIN CAMP MABRY, TX US",2013-11,87.2,",,,W"
USW00013958,"AUSTIN CAMP MABRY, TX US",2013-12,18.3,",,,W"
USW00013958,"AUSTIN CAMP MABRY, TX US",2014-01,11.5,",,,W"
USW00013958,"AUSTIN CAMP MABRY, TX US",2014-02,9.6,",,,W"
USW00013958,"AUSTIN CAMP MABRY, TX US",2014-03,32.3,",,,W"
USW00013958,"AUSTIN CAMP MABRY, TX US",2014-04,48.1,",,,W"
USW00013958,"AUSTIN CAMP MABRY, TX US",2014-05,180.1,",,,W"
USW00013958,"AUSTIN CAMP MABRY, TX US",2014-06,78.3,",,,W"
USW00013958,"AUSTIN CAMP MABRY, TX US",2014-07,141.8,",,,W"
USW00013958,"AUSTIN CAMP MABRY, TX US",2014-08,3.1,",,,W"
USW00013958,"AUSTIN CAMP MABRY, TX US",2014-09,177.4,",,,W"
USW00013958,"AUSTIN CAMP MABRY, TX US",2014-10,47.1,",,,W"
USW00013958,"AUSTIN CAMP MABRY, TX US",2014-11,146.9,",,,W"
USW00013958,"AUSTIN CAMP MABRY, TX US",2014-12,27,",,,W"
USW00013958,"AUSTIN CAMP MABRY, TX US",2015-01,127.6,",,,W"
USW00013958,"AUSTIN CAMP MABRY, TX US",2015-02,12.8,",,,W"
USW00013958,"AUSTIN CAMP MABRY, TX US",2015-03,122.7,",,,W"
USW00013958,"AUSTIN CAMP MABRY, TX US",2015-04,58.7,",,,W"
USW00013958,"AUSTIN CAMP MABRY, TX US",2015-05,446.7,",,,W"
USW00013958,"AUSTIN CAMP MABRY, TX US",2015-06,225.8,",,,W"
USW00013958,"AUSTIN CAMP MABRY, TX US",2015-07,0,",T,,W"
USW00013958,"AUSTIN CAMP MABRY, TX US",2015-08,8.9,",,,W"
USW00013958,"AUSTIN CAMP MABRY, TX US",2015-09,48.1,",,,W"
USW00013958,"AUSTIN CAMP MABRY, TX US",2015-10,301,",,,W"
USW00013958,"AUSTIN CAMP MABRY, TX US",2015-11,95,",,,W"
USW00013958,"AUSTIN CAMP MABRY, TX US",2015-12,76.2,",,,W"
USW00013958,"AUSTIN CAMP MABRY, TX US",2016-01,8.7,",,,W"
USW00013958,"AUSTIN CAMP MABRY, TX US",2016-02,34.1,",,,W"
USW00013958,"AUSTIN CAMP MABRY, TX US",2016-03,89.3,",,,W"
USW00013958,"AUSTIN CAMP MABRY, TX US",2016-04,180.8,",,,W"
USW00013958,"AUSTIN CAMP MABRY, TX US",2016-05,181.9,",,,W"
USW00013958,"AUSTIN CAMP MABRY, TX US",2016-06,66.2,",,,W"
USW00013958,"AUSTIN CAMP MABRY, TX US",2016-07,49.2,",,,W"
USW00013958,"AUSTIN CAMP MABRY, TX US",2016-08,176,",,,W"
USW00013958,"AUSTIN CAMP MABRY, TX US",2016-09,53.3,",,,W"
USW00013958,"AUSTIN CAMP MABRY, TX US",2016-10,4.3,",,,W"
USW00013958,"AUSTIN CAMP MABRY, TX US",2016-11,79,",,,W"
USW00013958,"AUSTIN CAMP MABRY, TX US",2016-12,64.6,",,,W"
USW00013958,"AUSTIN CAMP MABRY, TX US",2017-01,105,",,,W"
USW00013958,"AUSTIN CAMP MABRY, TX US",2017-02,53,",,,W"
USW00013958,"AUSTIN CAMP MABRY, TX US",2017-03,63.1,",,,W"
USW00013958,"AUSTIN CAMP MABRY, TX US",2017-04,31,",,,W"
USW00013958,"AUSTIN CAMP MABRY, TX US",2017-05,72.6,",,,W"